"Country Name","Country Code","Indicator Name","Indicator Code","1960","1961","1962","1963","1964","1965","1966","1967","1968","1969","1970","1971","1972","1973","1974","1975","1976","1977","1978","1979","1980","1981","1982","1983","1984","1985","1986","1987","1988","1989","1990","1991","1992","1993","1994","1995","1996","1997","1998","1999","2000","2001","2002","2003","2004","2005","2006","2007","2008","2009","2010","2011","2012",
"Aruba","ABW","Current account balance (BoP, current US$)","BN.CAB.XOKA.CD","","","","","","","","","","","","","","","","","","","","","","","","","","","","","","","","","","","","","","","","","","","","","","104963491.341425","310555693.722558","257838441.447855","4312277.93760893","182409055.559976","-436945635.992224","-246095004.948049","123913962.872939",
"Andorra","AND","Current account balance (BoP, current US$)","BN.CAB.XOKA.CD","","","","","","","","","","","","","","","","","","","","","","","","","","","","","","","","","","","","","","","","","","","","","","","","","","","","","",
"Afghanistan","AFG","Current account balance (BoP, current US$)","BN.CAB.XOKA.CD","","","","","","","","","","","","","","","","","","","","","","","","","","","","","","","","","","","","","","","","","","","","","","","","","-1618859265.00764","-1827998171.6877","-2687715916.08281","","",
"Angola","AGO","Current account balance (BoP, current US$)","BN.CAB.XOKA.CD","","","","","","","","","","","","","","","","","","","","","","","","","","","","","","","","","","","","","","","","","","","","","","5137882651.48219","10689818935.61","10581250704.8799","7194246953.019","-7571589745.68999","7505954235.07999","13084636207.4109","13851224581.9043",
"Albania","ALB","Current account balance (BoP, current US$)","BN.CAB.XOKA.CD","","","","","","","","","","","","","","","","","","","","","","","","","","","","","","","","","","","","","","","","","","","","","","-571475353.650416","-670904254.719468","-1150813004.28052","-2018402310.08682","-1851316059.02821","-1352774949.65628","-1649838002.4841","-1314070831.90528",
"Arab World","ARB","Current account balance (BoP, current US$)","BN.CAB.XOKA.CD","","","","","","","","","","","","","","","","","","","","","","","","","","","","","","","","","","","","","","","","","","","","","","","","","","","","","",
"United Arab Emirates","ARE","Current account balance (BoP, current US$)","BN.CAB.XOKA.CD","","","","","","","","","","","","","","","","","","","","","","","","","","","","","","","","","","","","","","","","","","","","","","","","","","","","","",
"Argentina","ARG","Current account balance (BoP, current US$)","BN.CAB.XOKA.CD","","","","","","","","","","","","","","","","","","","","","","","","","","","","","","","","","","","","","","","","","","","","","","5273750000","7767040000","7354350000","6755860000","8337560771.9848","1359661369.7272","-2397106028.24901","106958770.600006",
"Armenia","ARM","Current account balance (BoP, current US$)","BN.CAB.XOKA.CD","","","","","","","","","","","","","","","","","","","","","","","","","","","","","","","","","","","","","","","","","","","","","","-51714172.6126689","-117126042.269769","-589603381.744338","-1382848261.23937","-1369481992.50657","-1373190000","-1136382153.22311","-1052235390.67733",
"American Samoa","ASM","Current account balance (BoP, current US$)","BN.CAB.XOKA.CD","","","","","","","","","","","","","","","","","","","","","","","","","","","","","","","","","","","","","","","","","","","","","","","","","","","","","",
"Antigua and Barbuda","ATG","Current account balance (BoP, current US$)","BN.CAB.XOKA.CD","","","","","","","","","","","","","","","","","","","","","","","","","","","","","","","","","","","","","","","","","","","","","","-171492877.037036","-291763385.555554","-385514557.407406","-348512200.740741","-169090240","-167107016.296296","-121395609.259259","-78524488.8888888",
"Australia","AUS","Current account balance (BoP, current US$)","BN.CAB.XOKA.CD","","","","","","","","","","","","","","","","","","","","","","","","","","","","","","","","","","","","","","","","","","","","","","-41728655539.6435","-41379022797.9981","-59091496338.565","-46944914867.9392","-44211592085.9142","-35666893448.216","-33140871985.125","-57144181750.4947",
"Austria","AUT","Current account balance (BoP, current US$)","BN.CAB.XOKA.CD","","","","","","","","","","","","","","","","","","","","","","","","","","","","","","","","","","","","","","","","","","","","","","6245047787.02766","9042085560.6989","13189478052.1696","20127241172.4562","10290939660.2908","13149148087.6765","5518774479.34531","7084770720.45639",
"Azerbaijan","AZE","Current account balance (BoP, current US$)","BN.CAB.XOKA.CD","","","","","","","","","","","","","","","","","","","","","","","","","","","","","","","","","","","","","","","","","","","","","","167315000","3707605000","9018885000","16452805000","10174876000","15040428000","17144935000","14977387000",
"Burundi","BDI","Current account balance (BoP, current US$)","BN.CAB.XOKA.CD","","","","","","","","","","","","","","","","","","","","","","","","","","","","","","","","","","","","","","","","","","","","","","-5698160.23298075","-133539415.109128","-111307028.885153","-259356226.222548","-161180586.838638","-300982004.173613","-283583270.335852","-255084620.553905",
"Belgium","BEL","Current account balance (BoP, current US$)","BN.CAB.XOKA.CD","","","","","","","","","","","","","","","","","","","","","","","","","","","","","","","","","","","","","","","","","","","","","","7702627141.35285","7545119712.05272","7041317236.29142","-7109614255.23064","-6560656214.49619","8423087276.69392","-5662097711.58953","-6649458517.63181",
"Benin","BEN","Current account balance (BoP, current US$)","BN.CAB.XOKA.CD","","","","","","","","","","","","","","","","","","","","","","","","","","","","","","","","","","","","","","","","","","","","","","-226084743.920114","-217005443.236344","-534057458.808487","-536020953.348155","-648934554.008597","-530337545.57419","","",
"Burkina Faso","BFA","Current account balance (BoP, current US$)","BN.CAB.XOKA.CD","","","","","","","","","","","","","","","","","","","","","","","","","","","","","","","","","","","","","","","","","","","","","","-634316981.113854","-543452619.923321","-559994996.00413","-963132957.115255","-380038564.256305","-181447949.502465","","",
"Bangladesh","BGD","Current account balance (BoP, current US$)","BN.CAB.XOKA.CD","","","","","","","","","","","","","","","","","","","","","","","","","","","","","","","","","","","","","","","","","","","","","","-176224669.041072","1196063083.0057","856792635.005174","985625978.73362","3556126394.04662","2105904300.86817","-164948437.356004","2647649063.90556",
"Bulgaria","BGR","Current account balance (BoP, current US$)","BN.CAB.XOKA.CD","","","","","","","","","","","","","","","","","","","","","","","","","","","","","","","","","","","","","","","","","","","","","","-3346998839.5215","-5863231595.24003","-11437006353.7621","-11875334885.4618","-4256328502.8585","-796331081.621798","141387848.8573","-747349640.639297",
"Bahrain","BHR","Current account balance (BoP, current US$)","BN.CAB.XOKA.CD","","","","","","","","","","","","","","","","","","","","","","","","","","","","","","","","","","","","","","","","","","","","","","1474202077.29904","2187449378.74818","2906574539.71003","2256886835.2859","559975548.793244","770071855.488055","3247340425.5319","",
"Bahamas, The","BHS","Current account balance (BoP, current US$)","BN.CAB.XOKA.CD","","","","","","","","","","","","","","","","","","","","","","","","","","","","","","","","","","","","","","","","","","","","","","-700637472.074332","-1403710000","-1315098058.99422","-1222077999.131","-808980000","-814043000","-1136252000","-1424301400",
"Bosnia and Herzegovina","BIH","Current account balance (BoP, current US$)","BN.CAB.XOKA.CD","","","","","","","","","","","","","","","","","","","","","","","","","","","","","","","","","","","","","","","","","","","","","","-1844398185.90409","-998104071.965229","-1411913519.96087","-2639876302.72054","-1135917097.86836","-913933071.055888","-1729207717.67392","-1607073863.082",
"Belarus","BLR","Current account balance (BoP, current US$)","BN.CAB.XOKA.CD","","","","","","","","","","","","","","","","","","","","","","","","","","","","","","","","","","","","","","","","","","","","","","458600000.000001","-1388000000","-3012400000","-4958600000","-6132700000","-8280200000","-5052500000","-1687800000.00001",
"Belize","BLZ","Current account balance (BoP, current US$)","BN.CAB.XOKA.CD","","","","","","","","","","","","","","","","","","","","","","","","","","","","","","","","","","","","","","","","","","","","","","-151221160.548999","-25383981.5972727","-52089996.9562387","-144877244.414546","-82838728.4884124","-45736663.0380745","-19948868.1395558","-27498959.9307934",
"Bermuda","BMU","Current account balance (BoP, current US$)","BN.CAB.XOKA.CD","","","","","","","","","","","","","","","","","","","","","","","","","","","","","","","","","","","","","","","","","","","","","","","1252390000","1216066496.88519","906745097.485244","581361176.860677","695959070.33349","680653867.207857","",
"Bolivia","BOL","Current account balance (BoP, current US$)","BN.CAB.XOKA.CD","","","","","","","","","","","","","","","","","","","","","","","","","","","","","","","","","","","","","","","","","","","","","","622439173.907652","1317472316.56231","1591246147.31376","1992699060.96834","813540000","873744670.09456","537204935.3407","2127489178.5596",
"Brazil","BRA","Current account balance (BoP, current US$)","BN.CAB.XOKA.CD","","","","","","","","","","","","","","","","","","","","","","","","","","","","","","","","","","","","","","","","","","","","","","13984655478.2054","13621476249.8656","1550785091.7148","-28192023673.4539","-24305612300","-47273101647.0199","-52480127065.0199","-54246393412.3799",
"Barbados","BRB","Current account balance (BoP, current US$)","BN.CAB.XOKA.CD","","","","","","","","","","","","","","","","","","","","","","","","","","","","","","","","","","","","","","","","","","","","","","-465820592.496434","-354411349.91258","-275760573.24","-475655345.4455","-259620267.705","-218412771.321655","","",
"Brunei Darussalam","BRN","Current account balance (BoP, current US$)","BN.CAB.XOKA.CD","","","","","","","","","","","","","","","","","","","","","","","","","","","","","","","","","","","","","","","","","","","","","","4032630648.98327","5229408432.08786","4828377151.61645","6938901523.91055","3977383595.39245","","","",
"Bhutan","BTN","Current account balance (BoP, current US$)","BN.CAB.XOKA.CD","","","","","","","","","","","","","","","","","","","","","","","","","","","","","","","","","","","","","","","","","","","","","","","-79121279.4800184","143396330.310869","-28099721.147952","-20154845.1734326","-142219658.81584","-354906924.926087","",
"Botswana","BWA","Current account balance (BoP, current US$)","BN.CAB.XOKA.CD","","","","","","","","","","","","","","","","","","","","","","","","","","","","","","","","","","","","","","","","","","","","","","1633883522.45259","1958037382.9448","1654487021.18225","53769469.976764","-707947982.738098","-192316847.407202","358852965.05703","-795227475.495787",
"Sub-Saharan Africa (IFC classification)","CAA","Current account balance (BoP, current US$)","BN.CAB.XOKA.CD","","","","","","","","","","","","","","","","","","","","","","","","","","","","","","","","","","","","","","","","","","","","","","","","","","","","","",
"Central African Republic","CAF","Current account balance (BoP, current US$)","BN.CAB.XOKA.CD","","","","","","","","","","","","","","","","","","","","","","","","","","","","","","","","","","","","","","","","","","","","","","","","","","","","","",
"Canada","CAN","Current account balance (BoP, current US$)","BN.CAB.XOKA.CD","","","","","","","","","","","","","","","","","","","","","","","","","","","","","","","","","","","","","","","","","","","","","","21576655512.1968","17931696701.9515","11360592837.9142","1788555276.02012","-40022640733.2182","-56708455914.5951","-48978303991.0673","-62265056001.7776",
"East Asia and the Pacific (IFC classification)","CEA","Current account balance (BoP, current US$)","BN.CAB.XOKA.CD","","","","","","","","","","","","","","","","","","","","","","","","","","","","","","","","","","","","","","","","","","","","","","","","","","","","","",
"Europe and Central Asia (IFC classification)","CEU","Current account balance (BoP, current US$)","BN.CAB.XOKA.CD","","","","","","","","","","","","","","","","","","","","","","","","","","","","","","","","","","","","","","","","","","","","","","","","","","","","","",
"Switzerland","CHE","Current account balance (BoP, current US$)","BN.CAB.XOKA.CD","","","","","","","","","","","","","","","","","","","","","","","","","","","","","","","","","","","","","","","","","","","","","","53148930717.4729","55847956016.2149","40383558169.6623","5747337689.68262","36119755823.358","73462195628.1853","35899786113.8445","78839793436.3657",
"Channel Islands","CHI","Current account balance (BoP, current US$)","BN.CAB.XOKA.CD","","","","","","","","","","","","","","","","","","","","","","","","","","","","","","","","","","","","","","","","","","","","","","","","","","","","","",
"Chile","CHL","Current account balance (BoP, current US$)","BN.CAB.XOKA.CD","","","","","","","","","","","","","","","","","","","","","","","","","","","","","","","","","","","","","","","","","","","","","","1448786756.0482","7154259466.4334","7458194606.5241","-3307203208.8147","3517770523.26019","3223519675.64879","-3283075668.0773","-9496520871.60327",
"China","CHN","Current account balance (BoP, current US$)","BN.CAB.XOKA.CD","","","","","","","","","","","","","","","","","","","","","","","","","","","","","","","","","","","","","","","","","","","","","","132378493766.399","231843041064.416","353182677237.32","420568516143.539","243256567919.62","237810389607.959","136096761577.55","193139152767.69",
"Cote d'Ivoire","CIV","Current account balance (BoP, current US$)","BN.CAB.XOKA.CD","","","","","","","","","","","","","","","","","","","","","","","","","","","","","","","","","","","","","","","","","","","","","","39674661.4635794","478964882.671805","-139040442.951568","451563678.107967","1617588675.92014","464532501.071987","","",
"Latin America and the Caribbean (IFC classification)","CLA","Current account balance (BoP, current US$)","BN.CAB.XOKA.CD","","","","","","","","","","","","","","","","","","","","","","","","","","","","","","","","","","","","","","","","","","","","","","","","","","","","","",
"Middle East and North Africa (IFC classification)","CME","Current account balance (BoP, current US$)","BN.CAB.XOKA.CD","","","","","","","","","","","","","","","","","","","","","","","","","","","","","","","","","","","","","","","","","","","","","","","","","","","","","",
"Cameroon","CMR","Current account balance (BoP, current US$)","BN.CAB.XOKA.CD","","","","","","","","","","","","","","","","","","","","","","","","","","","","","","","","","","","","","","","","","","","","","","-493468664.47431","193346552.443387","285696828.936818","-449740143.73234","-1118674155.39642","-856304616.462015","","",
"Congo, Rep.","COG","Current account balance (BoP, current US$)","BN.CAB.XOKA.CD","","","","","","","","","","","","","","","","","","","","","","","","","","","","","","","","","","","","","","","","","","","","","","695587032.08981","124117857.284206","-2181039950.97795","","","","","",
"Colombia","COL","Current account balance (BoP, current US$)","BN.CAB.XOKA.CD","","","","","","","","","","","","","","","","","","","","","","","","","","","","","","","","","","","","","","","","","","","","","","-1885753501.2769","-2988994946.14489","-5977121840.76809","-6746333903.026","-4964457296.088","-8821168964.61389","-9642821736.80648","-11907488202.6357",
"Comoros","COM","Current account balance (BoP, current US$)","BN.CAB.XOKA.CD","","","","","","","","","","","","","","","","","","","","","","","","","","","","","","","","","","","","","","","","","","","","","","","","","","","","","",
"Cape Verde","CPV","Current account balance (BoP, current US$)","BN.CAB.XOKA.CD","","","","","","","","","","","","","","","","","","","","","","","","","","","","","","","","","","","","","","","","","","","","","","-40673189.8026515","-82730314.2547992","-198264522.740815","-205478899.551034","-246800265.445932","-222828004.308373","-304404812.507897","-209310736.483339",
"Costa Rica","CRI","Current account balance (BoP, current US$)","BN.CAB.XOKA.CD","","","","","","","","","","","","","","","","","","","","","","","","","","","","","","","","","","","","","","","","","","","","","","-981006063.864506","-1022603217.8627","-1646353804.98169","-2787274113.2219","-576003870.643298","-1281188375.83069","-2202923971.18389","-2376170723.4601",
"South Asia (IFC classification)","CSA","Current account balance (BoP, current US$)","BN.CAB.XOKA.CD","","","","","","","","","","","","","","","","","","","","","","","","","","","","","","","","","","","","","","","","","","","","","","","","","","","","","",
"Caribbean small states","CSS","Current account balance (BoP, current US$)","BN.CAB.XOKA.CD","","","","","","","","","","","","","","","","","","","","","","","","","","","","","","","","","","","","","","","","","","","","","","","","","","","","","",
"Cuba","CUB","Current account balance (BoP, current US$)","BN.CAB.XOKA.CD","","","","","","","","","","","","","","","","","","","","","","","","","","","","","","","","","","","","","","","","","","","","","","","","","","","","","",
"Curacao","CUW","Current account balance (BoP, current US$)","BN.CAB.XOKA.CD","","","","","","","","","","","","","","","","","","","","","","","","","","","","","","","","","","","","","","","","","","","","","","","","","","","","","",
"Cayman Islands","CYM","Current account balance (BoP, current US$)","BN.CAB.XOKA.CD","","","","","","","","","","","","","","","","","","","","","","","","","","","","","","","","","","","","","","","","","","","","","","","","","","","","","",
"Cyprus","CYP","Current account balance (BoP, current US$)","BN.CAB.XOKA.CD","","","","","","","","","","","","","","","","","","","","","","","","","","","","","","","","","","","","","","","","","","","","","","-970855828.801316","-1279359109.45442","-1830893211.09238","-3877604131.22873","-2480070692.90593","-2309200668.21135","-807685606.849897","-1506229304.25429",
"Czech Republic","CZE","Current account balance (BoP, current US$)","BN.CAB.XOKA.CD","","","","","","","","","","","","","","","","","","","","","","","","","","","","","","","","","","","","","","","","","","","","","","-1209609348.95226","-3130375915.75753","-7940202854.46833","-4773718820.10196","-4848934414.55523","-7601855212.53133","-6113696972.21265","-4731132665.82303",
"Germany","DEU","Current account balance (BoP, current US$)","BN.CAB.XOKA.CD","","","","","","","","","","","","","","","","","","","","","","","","","","","","","","","","","","","","","","","","","","","","","","140216277509.497","182352075939.825","248783095318.135","226272308420.166","199476071253.467","207725054212.323","223323671922.502","238452880904.729",
"Djibouti","DJI","Current account balance (BoP, current US$)","BN.CAB.XOKA.CD","","","","","","","","","","","","","","","","","","","","","","","","","","","","","","","","","","","","","","","","","","","","","","20132679.874635","-16565290.539666","-171352850.816729","-225386982.967685","-71100207.6288114","50489250.00422","-171842382.160802","",
"Dominica","DMA","Current account balance (BoP, current US$)","BN.CAB.XOKA.CD","","","","","","","","","","","","","","","","","","","","","","","","","","","","","","","","","","","","","","","","","","","","","","-76081115.5555554","-49851557.037037","-86949475.1851851","-129885324.814815","-109281253.333333","-81428638.1481481","-71347375.5555555","-54944237.037037",
"Denmark","DNK","Current account balance (BoP, current US$)","BN.CAB.XOKA.CD","","","","","","","","","","","","","","","","","","","","","","","","","","","","","","","","","","","","","","","","","","","","","","11103861629.5828","8218404333.996","4413619699.36697","10000302160.9356","10767024185.788","18336776259.5647","18887181844.6976","17647498061.6127",
"Dominican Republic","DOM","Current account balance (BoP, current US$)","BN.CAB.XOKA.CD","","","","","","","","","","","","","","","","","","","","","","","","","","","","","","","","","","","","","","","","","","","","","","-473010000","-1287410000","-2166300000","-4518600000","-2330900000","-4329500000","-4499000000","",
"Algeria","DZA","Current account balance (BoP, current US$)","BN.CAB.XOKA.CD","","","","","","","","","","","","","","","","","","","","","","","","","","","","","","","","","","","","","","","","","","","","","","21179999999.9991","28923000000.0014","30631000000","34440000000","401000000.000088","12146000000","19687654609.2988","",
"East Asia & Pacific (developing only)","EAP","Current account balance (BoP, current US$)","BN.CAB.XOKA.CD","","","","","","","","","","","","","","","","","","","","","","","","","","","","","","","","","","","","","","","","","","","","","","","","","","","","","",
"East Asia & Pacific (all income levels)","EAS","Current account balance (BoP, current US$)","BN.CAB.XOKA.CD","","","","","","","","","","","","","","","","","","","","","","","","","","","","","","","","","","","","","","","","","","","","","","","","","","","","","",
"Europe & Central Asia (developing only)","ECA","Current account balance (BoP, current US$)","BN.CAB.XOKA.CD","","","","","","","","","","","","","","","","","","","","","","","","","","","","","","","","","","","","","","","","","","","","","","","","","","","","","",
"Europe & Central Asia (all income levels)","ECS","Current account balance (BoP, current US$)","BN.CAB.XOKA.CD","","","","","","","","","","","","","","","","","","","","","","","","","","","","","","","","","","","","","","","","","","","","","","","","","","","","","",
"Ecuador","ECU","Current account balance (BoP, current US$)","BN.CAB.XOKA.CD","","","","","","","","","","","","","","","","","","","","","","","","","","","","","","","","","","","","","","","","","","","","","","473925450.450281","1739926904.3017","1937528653.8886","1647853504.4695","136127026.8903","-1635716500.8662","-238540384.507896","",
"Egypt, Arab Rep.","EGY","Current account balance (BoP, current US$)","BN.CAB.XOKA.CD","","","","","","","","","","","","","","","","","","","","","","","","","","","","","","","","","","","","","","","","","","","","","","2102800000","2635400000","411600000","-1414600000","-3349300000","-4503800000","-5483900000","-6972000000",
"Euro area","EMU","Current account balance (BoP, current US$)","BN.CAB.XOKA.CD","","","","","","","","","","","","","","","","","","","","","","","","","","","","","","","","","","","","","","","","","","","","","","","","","","","","","",
"Eritrea","ERI","Current account balance (BoP, current US$)","BN.CAB.XOKA.CD","","","","","","","","","","","","","","","","","","","","","","","","","","","","","","","","","","","","","","","","","","","","","","","","","","","","","",
"Spain","ESP","Current account balance (BoP, current US$)","BN.CAB.XOKA.CD","","","","","","","","","","","","","","","","","","","","","","","","","","","","","","","","","","","","","","","","","","","","","","-83388150703.74","-110874177584.455","-144539983137.024","-154529131266.704","-69774759404.535","-62497726335.6307","-55066072763.446","-15141667020.0481",
"Estonia","EST","Current account balance (BoP, current US$)","BN.CAB.XOKA.CD","","","","","","","","","","","","","","","","","","","","","","","","","","","","","","","","","","","","","","","","","","","","","","-1386395116.618","-2585466593.62435","-3503236041.50726","-2216564330.16226","558676466.368556","535008664.601095","410562419.615073","-404780603.00228",
"Ethiopia","ETH","Current account balance (BoP, current US$)","BN.CAB.XOKA.CD","","","","","","","","","","","","","","","","","","","","","","","","","","","","","","","","","","","","","","","","","","","","","","-1567750097.67822","-1785898857.01803","-828004872.805441","-1805740812.44915","-2190653761.04337","-425429561.963723","-783057307.205814","",
"European Union","EUU","Current account balance (BoP, current US$)","BN.CAB.XOKA.CD","","","","","","","","","","","","","","","","","","","","","","","","","","","","","","","","","","","","","","","","","","","","","","","","","","","","","",
"Finland","FIN","Current account balance (BoP, current US$)","BN.CAB.XOKA.CD","","","","","","","","","","","","","","","","","","","","","","","","","","","","","","","","","","","","","","","","","","","","","","7788421393.41926","11562672226.7757","13292202028.2339","8941260212.4534","6681281384.98513","5901314425.41872","-1780586343.634","-3678451167.5469",
"Fiji","FJI","Current account balance (BoP, current US$)","BN.CAB.XOKA.CD","","","","","","","","","","","","","","","","","","","","","","","","","","","","","","","","","","","","","","","","","","","","","","-257454661.262944","-544067593.244331","-436157228.815389","-647275860.694187","-224778990.968953","-360285320.537274","","",
"France","FRA","Current account balance (BoP, current US$)","BN.CAB.XOKA.CD","","","","","","","","","","","","","","","","","","","","","","","","","","","","","","","","","","","","","","","","","","","","","","-10260220351.9789","-12988244366.4079","-26610486266.7243","-49876972216.6958","-35439355228.3088","-33733628955.5358","-49217419462.2349","-57246314237.3175",
"Faeroe Islands","FRO","Current account balance (BoP, current US$)","BN.CAB.XOKA.CD","","","","","","","","","","","","","","","","","","","","","","","","","","","","","","","","","","","","","","","","","","","","","","31181073.2127588","21240459.5954599","-80569602.5374388","-30578904.3102374","-15938935.3569306","135366660.775709","","",
"Micronesia, Fed. Sts.","FSM","Current account balance (BoP, current US$)","BN.CAB.XOKA.CD","","","","","","","","","","","","","","","","","","","","","","","","","","","","","","","","","","","","","","","","","","","","","","","","","","","","","",
"Gabon","GAB","Current account balance (BoP, current US$)","BN.CAB.XOKA.CD","","","","","","","","","","","","","","","","","","","","","","","","","","","","","","","","","","","","","","","","","","","","","","1982970941.84373","","","","","","","",
"United Kingdom","GBR","Current account balance (BoP, current US$)","BN.CAB.XOKA.CD","","","","","","","","","","","","","","","","","","","","","","","","","","","","","","","","","","","","","","","","","","","","","","-59406046453.7079","-81957621058.959","-71079401612.069","-41159056642.874","-37050488122.6836","-75228989930.9306","-32764906947.0713","-93560411737.8948",
"Georgia","GEO","Current account balance (BoP, current US$)","BN.CAB.XOKA.CD","","","","","","","","","","","","","","","","","","","","","","","","","","","","","","","","","","","","","","","","","","","","","","-694742476.28636","-1190369628.3309","-1991192075.80622","-2810026266.6883","-1138879621.85016","-1195854136.9992","-1839789313.70251","-1813545281.3636",
"Ghana","GHA","Current account balance (BoP, current US$)","BN.CAB.XOKA.CD","","","","","","","","","","","","","","","","","","","","","","","","","","","","","","","","","","","","","","","","","","","","","","-1104609520.85245","-1056074432.76184","-2378784231.83093","-3327428935.89153","-1897165484.24191","-2747340000","-3500544713.43559","",
"Guinea","GIN","Current account balance (BoP, current US$)","BN.CAB.XOKA.CD","","","","","","","","","","","","","","","","","","","","","","","","","","","","","","","","","","","","","","","","","","","","","","-160340000","-221350000","-454590000","-438210000","-403360000","-326930000","-1161370000","",
"Gambia, The","GMB","Current account balance (BoP, current US$)","BN.CAB.XOKA.CD","","","","","","","","","","","","","","","","","","","","","","","","","","","","","","","","","","","","","","","","","","","","","","-43391563.8491337","-65600015.6774856","-58407342.5665676","10854114.4947956","62997217.3907523","56261293.4639844","109788811.120551","57619538.6255702",
"Guinea-Bissau","GNB","Current account balance (BoP, current US$)","BN.CAB.XOKA.CD","","","","","","","","","","","","","","","","","","","","","","","","","","","","","","","","","","","","","","","","","","","","","","-10483855.8973929","-40075342.0553229","-30632208.47633","-28764736.0991109","-47585032.5177339","-70768053.258613","","",
"Equatorial Guinea","GNQ","Current account balance (BoP, current US$)","BN.CAB.XOKA.CD","","","","","","","","","","","","","","","","","","","","","","","","","","","","","","","","","","","","","","","","","","","","","","","","","","","","","",
"Greece","GRC","Current account balance (BoP, current US$)","BN.CAB.XOKA.CD","","","","","","","","","","","","","","","","","","","","","","","","","","","","","","","","","","","","","","","","","","","","","","-18233177667.972","-29565324183.6796","-44587281268.3235","-51312803251.3442","-35912575298.419","-30273985654.1141","-28582720074.6749","-8624494503.21747",
"Grenada","GRD","Current account balance (BoP, current US$)","BN.CAB.XOKA.CD","","","","","","","","","","","","","","","","","","","","","","","","","","","","","","","","","","","","","","","","","","","","","","-193262673.333332","-226702041.851852","-241705404.814815","-251947382.222222","-197163179.62963","-202607147.777778","-204482710","-214411577.777778",
"Greenland","GRL","Current account balance (BoP, current US$)","BN.CAB.XOKA.CD","","","","","","","","","","","","","","","","","","","","","","","","","","","","","","","","","","","","","","","","","","","","","","","","","","","","","",
"Guatemala","GTM","Current account balance (BoP, current US$)","BN.CAB.XOKA.CD","","","","","","","","","","","","","","","","","","","","","","","","","","","","","","","","","","","","","","","","","","","","","","-1241000000","-1524000000","-1785600000","-1680500000","7700000","-626000000","-1598534000","-1446587300",
"Guam","GUM","Current account balance (BoP, current US$)","BN.CAB.XOKA.CD","","","","","","","","","","","","","","","","","","","","","","","","","","","","","","","","","","","","","","","","","","","","","","","","","","","","","",
"Guyana","GUY","Current account balance (BoP, current US$)","BN.CAB.XOKA.CD","","","","","","","","","","","","","","","","","","","","","","","","","","","","","","","","","","","","","","","","","","","","","","-96268000","-180641000","-112312000","-321363632.571359","-230589983.38158","-154787845.274919","-372288521.100059","-394821001.84792",
"High income","HIC","Current account balance (BoP, current US$)","BN.CAB.XOKA.CD","","","","","","","","","","","","","","","","","","","","","","","","","","","","","","","","","","","","","","","","","","","","","","","","","","","","","",
"Hong Kong SAR, China","HKG","Current account balance (BoP, current US$)","BN.CAB.XOKA.CD","","","","","","","","","","","","","","","","","","","","","","","","","","","","","","","","","","","","","","","","","","","","","","21574646019.8116","24555234186.2004","27554630254.0676","32872053517.7079","20337703998.3711","14998075382.954","11943825366.6378","3485647440.39057",
"Honduras","HND","Current account balance (BoP, current US$)","BN.CAB.XOKA.CD","","","","","","","","","","","","","","","","","","","","","","","","","","","","","","","","","","","","","","","","","","","","","","-304323267.457961","-403319651.16382","-1115458354.51785","-2128894948.0033","-557408524.17522","-835578083.599998","-1498147869.95849","-1744357401.2667",
"Heavily indebted poor countries (HIPC)","HPC","Current account balance (BoP, current US$)","BN.CAB.XOKA.CD","","","","","","","","","","","","","","","","","","","","","","","","","","","","","","","","","","","","","","","","","","","","","","","","","","","","","",
"Croatia","HRV","Current account balance (BoP, current US$)","BN.CAB.XOKA.CD","","","","","","","","","","","","","","","","","","","","","","","","","","","","","","","","","","","","","","","","","","","","","","-2459973651.31689","-3232764665.6995","-4327883207.89309","-6080394608.8072","-3042729351.1784","-847460563.532001","-400871925.863102","-208098761.978199",
"Haiti","HTI","Current account balance (BoP, current US$)","BN.CAB.XOKA.CD","","","","","","","","","","","","","","","","","","","","","","","","","","","","","","","","","","","","","","","","","","","","","","7048000","-85029000","-85773000","-289100000","-226341000","-165822000","-338793000","-348700000",
"Hungary","HUN","Current account balance (BoP, current US$)","BN.CAB.XOKA.CD","","","","","","","","","","","","","","","","","","","","","","","","","","","","","","","","","","","","","","","","","","","","","","-8238318966.91481","-8379522014.75096","-9962005687.03494","-11119053762.3379","-193389453.365262","1401690575.37822","1210870666.69231","2087305816.73987",
"Indonesia","IDN","Current account balance (BoP, current US$)","BN.CAB.XOKA.CD","","","","","","","","","","","","","","","","","","","","","","","","","","","","","","","","","","","","","","","","","","","","","","277554218.390854","10859492464.381","10492590000","125583310.455994","10628491686.077","5144284990.09399","1685068003.082","-24073887520.087",
"Isle of Man","IMN","Current account balance (BoP, current US$)","BN.CAB.XOKA.CD","","","","","","","","","","","","","","","","","","","","","","","","","","","","","","","","","","","","","","","","","","","","","","","","","","","","","",
"India","IND","Current account balance (BoP, current US$)","BN.CAB.XOKA.CD","","","","","","","","","","","","","","","","","","","","","","","","","","","","","","","","","","","","","","","","","","","","","","-10283543307.9807","-9299060317.46279","-8075694483.59494","-30971987180.9348","-26186435956.9107","-52274664979.1485","-60038000000","",
"Not classified","INX","Current account balance (BoP, current US$)","BN.CAB.XOKA.CD","","","","","","","","","","","","","","","","","","","","","","","","","","","","","","","","","","","","","","","","","","","","","","","","","","","","","",
"Ireland","IRL","Current account balance (BoP, current US$)","BN.CAB.XOKA.CD","","","","","","","","","","","","","","","","","","","","","","","","","","","","","","","","","","","","","","","","","","","","","","-7150388578.40694","-7858842561.48624","-13850436298.3358","-15296913071.2574","-5001369302.19346","2318686917.21546","2513804281.42153","10345925800.6874",
"Iran, Islamic Rep.","IRN","Current account balance (BoP, current US$)","BN.CAB.XOKA.CD","","","","","","","","","","","","","","","","","","","","","","","","","","","","","","","","","","","","","","","","","","","","","","","","","","","","","",
"Iraq","IRQ","Current account balance (BoP, current US$)","BN.CAB.XOKA.CD","","","","","","","","","","","","","","","","","","","","","","","","","","","","","","","","","","","","","","","","","","","","","","-3335400000","2681400000","15519330000","28440300000","-1128500000","6488300000","26126000000","29541000000",
"Iceland","ISL","Current account balance (BoP, current US$)","BN.CAB.XOKA.CD","","","","","","","","","","","","","","","","","","","","","","","","","","","","","","","","","","","","","","","","","","","","","","-2647861889.18654","-3989874760.45435","-3194945644.5249","-4472425702.01412","-1407385271.48979","-1012178026.6509","-864277309.911551","-658068271.72493",
"Israel","ISR","Current account balance (BoP, current US$)","BN.CAB.XOKA.CD","","","","","","","","","","","","","","","","","","","","","","","","","","","","","","","","","","","","","","","","","","","","","","4043100000","6995700000","5532800000","3060900000","7914200000","7171600000","3253400000","849700000",
"Italy","ITA","Current account balance (BoP, current US$)","BN.CAB.XOKA.CD","","","","","","","","","","","","","","","","","","","","","","","","","","","","","","","","","","","","","","","","","","","","","","-29743940373.2389","-47827994064.0678","-51574277107.527","-65379585508.7136","-40874283747.8818","-72874751585.955","-67142871499.8214","-15210846819.0027",
"Jamaica","JAM","Current account balance (BoP, current US$)","BN.CAB.XOKA.CD","","","","","","","","","","","","","","","","","","","","","","","","","","","","","","","","","","","","","","","","","","","","","","-1071321664.28855","-1182858296.42865","-2038139959.14826","-2793264220.31389","-1127502303.11628","-934005337.222659","-2063190118.18722","-1904769178.24493",
"Jordan","JOR","Current account balance (BoP, current US$)","BN.CAB.XOKA.CD","","","","","","","","","","","","","","","","","","","","","","","","","","","","","","","","","","","","","","","","","","","","","","-2271650211.56558","-1725952045.13399","-2874754680.76374","-2054185967.56887","-1243718309.85914","-1882281690.14085","-3468454929.57746","-5693714084.50704",
"Japan","JPN","Current account balance (BoP, current US$)","BN.CAB.XOKA.CD","","","","","","","","","","","","","","","","","","","","","","","","","","","","","","","","","","","","","","","","","","","","","","165783404609.679","171077763649.928","211684945352.036","159363360463.058","147016802091.316","203915587856.493","119064319698.687","60859455179.805",
"Kazakhstan","KAZ","Current account balance (BoP, current US$)","BN.CAB.XOKA.CD","","","","","","","","","","","","","","","","","","","","","","","","","","","","","","","","","","","","","","","","","","","","","","-1055840934.1108","-1998563133.62702","-8321920611.7672","6325521088.5136","-4113978268.3129","1393171107.6377","12280598029.3468","7716494062.14513",
"Kenya","KEN","Current account balance (BoP, current US$)","BN.CAB.XOKA.CD","","","","","","","","","","","","","","","","","","","","","","","","","","","","","","","","","","","","","","","","","","","","","","-252316724.24456","-510433478.209823","-1032048240.78544","-1982595676.67124","-1688505911.10075","-2368670511.8059","-3333195625.89661","",
"Kyrgyz Republic","KGZ","Current account balance (BoP, current US$)","BN.CAB.XOKA.CD","","","","","","","","","","","","","","","","","","","","","","","","","","","","","","","","","","","","","","","","","","","","","","-37440749.1496099","-286120441.192979","-227620109.861779","-707607010.30805","-93890752.9147901","-312416720.496829","-483596275.88871","-1430526781.24669",
"Cambodia","KHM","Current account balance (BoP, current US$)","BN.CAB.XOKA.CD","","","","","","","","","","","","","","","","","","","","","","","","","","","","","","","","","","","","","","","","","","","","","","-306993470.026238","-233868557.25949","-423329899.805639","-819975437.407989","-784617777.69681","-771665052.97069","-711766591.281671","-1207513040.73665",
"Kiribati","KIR","Current account balance (BoP, current US$)","BN.CAB.XOKA.CD","","","","","","","","","","","","","","","","","","","","","","","","","","","","","","","","","","","","","","","","","","","","","","","","","","","","","",
"St. Kitts and Nevis","KNA","Current account balance (BoP, current US$)","BN.CAB.XOKA.CD","","","","","","","","","","","","","","","","","","","","","","","","","","","","","","","","","","","","","","","","","","","","","","-64720367.7777777","-85109481.8518518","-113034715.925926","-203331386.666667","-180115760.37037","-138581159.62963","-88229358.5185184","-70770865.9259258",
"Korea, Rep.","KOR","Current account balance (BoP, current US$)","BN.CAB.XOKA.CD","","","","","","","","","","","","","","","","","","","","","","","","","","","","","","","","","","","","","","","","","","","","","","18606500000","14083400000","21769700000","3196700000","32790500000","29393500000","26068200000","43335100000",
"Kosovo","KSV","Current account balance (BoP, current US$)","BN.CAB.XOKA.CD","","","","","","","","","","","","","","","","","","","","","","","","","","","","","","","","","","","","","","","","","","","","","","-307734301.842137","-283588839.588814","-484615301.619872","-920937919.203897","-546984499.483842","-767871363.578845","-1028244184.66559","-484482382.669632",
"Kuwait","KWT","Current account balance (BoP, current US$)","BN.CAB.XOKA.CD","","","","","","","","","","","","","","","","","","","","","","","","","","","","","","","","","","","","","","","","","","","","","","30070547945.2055","45311775628.758","41330130542.7909","60239349741.2413","28383766327.3512","36957617325.6238","67156950493.377","79209315284.4342",
"Latin America & Caribbean (developing only)","LAC","Current account balance (BoP, current US$)","BN.CAB.XOKA.CD","","","","","","","","","","","","","","","","","","","","","","","","","","","","","","","","","","","","","","","","","","","","","","","","","","","","","",
"Lao PDR","LAO","Current account balance (BoP, current US$)","BN.CAB.XOKA.CD","","","","","","","","","","","","","","","","","","","","","","","","","","","","","","","","","","","","","","","","","","","","","","-173786566.819368","75308544.5116301","139406173.61647","77543822.6210498","-60905624.6991899","29309198.0082798","-206325894.91528","",
"Lebanon","LBN","Current account balance (BoP, current US$)","BN.CAB.XOKA.CD","","","","","","","","","","","","","","","","","","","","","","","","","","","","","","","","","","","","","","","","","","","","","","-2748000878.0829","-1116362960.7404","-1604778255.8543","-4102657996.0492","-6740936422.3655","-7587458508.1257","-4865636658.19579","",
"Liberia","LBR","Current account balance (BoP, current US$)","BN.CAB.XOKA.CD","","","","","","","","","","","","","","","","","","","","","","","","","","","","","","","","","","","","","","","","","","","","","","-183546381.844547","-172814378.892529","-223159911.374976","-354304953.919692","-277191423.282177","-415239156.648401","-755654779.21624","",
"Libya","LBY","Current account balance (BoP, current US$)","BN.CAB.XOKA.CD","","","","","","","","","","","","","","","","","","","","","","","","","","","","","","","","","","","","","","","","","","","","","","14945000000","22170000000","28510300000","35701700000","9380600000","16800700000","1409900000","",
"St. Lucia","LCA","Current account balance (BoP, current US$)","BN.CAB.XOKA.CD","","","","","","","","","","","","","","","","","","","","","","","","","","","","","","","","","","","","","","","","","","","","","","-129471038.148148","-308990836.296296","-344664305.185185","-339860354.074073","-136742930.37037","-202754425.185184","-243666722.962963","-184361371.11111",
"Latin America & Caribbean (all income levels)","LCN","Current account balance (BoP, current US$)","BN.CAB.XOKA.CD","","","","","","","","","","","","","","","","","","","","","","","","","","","","","","","","","","","","","","","","","","","","","","","","","","","","","",
"Least developed countries: UN classification","LDC","Current account balance (BoP, current US$)","BN.CAB.XOKA.CD","","","","","","","","","","","","","","","","","","","","","","","","","","","","","","","","","","","","","","","","","","","","","","","","","","","","","",
"Low income","LIC","Current account balance (BoP, current US$)","BN.CAB.XOKA.CD","","","","","","","","","","","","","","","","","","","","","","","","","","","","","","","","","","","","","","","","","","","","","","","","","","","","","",
"Liechtenstein","LIE","Current account balance (BoP, current US$)","BN.CAB.XOKA.CD","","","","","","","","","","","","","","","","","","","","","","","","","","","","","","","","","","","","","","","","","","","","","","","","","","","","","",
"Sri Lanka","LKA","Current account balance (BoP, current US$)","BN.CAB.XOKA.CD","","","","","","","","","","","","","","","","","","","","","","","","","","","","","","","","","","","","","","","","","","","","","","-650126930","-1498011000","-1400900000","-3885400000","-214700000","-1075030000","-4615420000","",
"Lower middle income","LMC","Current account balance (BoP, current US$)","BN.CAB.XOKA.CD","","","","","","","","","","","","","","","","","","","","","","","","","","","","","","","","","","","","","","","","","","","","","","","","","","","","","",
"Low & middle income","LMY","Current account balance (BoP, current US$)","BN.CAB.XOKA.CD","","","","","","","","","","","","","","","","","","","","","","","","","","","","","","","","","","","","","","","","","","","","","","","","","","","","","",
"Lesotho","LSO","Current account balance (BoP, current US$)","BN.CAB.XOKA.CD","","","","","","","","","","","","","","","","","","","","","","","","","","","","","","","","","","","","","","","","","","","","","","-26634969.7091328","91839013.4979704","98174597.9462707","123079966.336753","-49769130.4518108","-440336577.720358","-520072911.815638","",
"Lithuania","LTU","Current account balance (BoP, current US$)","BN.CAB.XOKA.CD","","","","","","","","","","","","","","","","","","","","","","","","","","","","","","","","","","","","","","","","","","","","","","-1831184754.47606","-3218127461.72566","-5692415689.59407","-6309612648.12761","1462447674.44155","14851937.5308326","-619116207.531159","-230421174.119246",
"Luxembourg","LUX","Current account balance (BoP, current US$)","BN.CAB.XOKA.CD","","","","","","","","","","","","","","","","","","","","","","","","","","","","","","","","","","","","","","","","","","","","","","4406364512.47066","4396623300.12845","5214581905.85315","3040018100.81307","3504731827.28113","4424928510.57771","4199025876.89842","3272504106.76585",
"Latvia","LVA","Current account balance (BoP, current US$)","BN.CAB.XOKA.CD","","","","","","","","","","","","","","","","","","","","","","","","","","","","","","","","","","","","","","","","","","","","","","-1992300000","-4521600000","-6424500000","-4492000000","2283700000","723600000","-628200000","-473400000",
"Macao SAR, China","MAC","Current account balance (BoP, current US$)","BN.CAB.XOKA.CD","","","","","","","","","","","","","","","","","","","","","","","","","","","","","","","","","","","","","","","","","","","","","","2942225687.33712","2437877647.5202","4306018919.56161","4036339942.5147","6787787048.30531","12189455255.1064","16128527424.5597","",
"St. Martin (French part)","MAF","Current account balance (BoP, current US$)","BN.CAB.XOKA.CD","","","","","","","","","","","","","","","","","","","","","","","","","","","","","","","","","","","","","","","","","","","","","","","","","","","","","",
"Morocco","MAR","Current account balance (BoP, current US$)","BN.CAB.XOKA.CD","","","","","","","","","","","","","","","","","","","","","","","","","","","","","","","","","","","","","","","","","","","","","","1040567278.23625","1411234501.54418","-122036473.791507","-4528477179.97653","-4971330652.31464","-3925169726.77418","-7999606285.51397","-9571271844.35824",
"Monaco","MCO","Current account balance (BoP, current US$)","BN.CAB.XOKA.CD","","","","","","","","","","","","","","","","","","","","","","","","","","","","","","","","","","","","","","","","","","","","","","","","","","","","","",
"Moldova","MDA","Current account balance (BoP, current US$)","BN.CAB.XOKA.CD","","","","","","","","","","","","","","","","","","","","","","","","","","","","","","","","","","","","","","","","","","","","","","-225810000","-386420000","-671100000","-972790000","-446700000","-448990000","-790370000","-510870000",
"Madagascar","MDG","Current account balance (BoP, current US$)","BN.CAB.XOKA.CD","","","","","","","","","","","","","","","","","","","","","","","","","","","","","","","","","","","","","","","","","","","","","","-554044866.235","","","","","","","",
"Maldives","MDV","Current account balance (BoP, current US$)","BN.CAB.XOKA.CD","","","","","","","","","","","","","","","","","","","","","","","","","","","","","","","","","","","","","","","","","","","","","","-273009395.213181","-301975113.029945","-268951457.139649","-611703269.167369","-220831374.840999","-196081418.939139","-436790737.46012","-600451212.06156",
"Middle East & North Africa (all income levels)","MEA","Current account balance (BoP, current US$)","BN.CAB.XOKA.CD","","","","","","","","","","","","","","","","","","","","","","","","","","","","","","","","","","","","","","","","","","","","","","","","","","","","","",
"Mexico","MEX","Current account balance (BoP, current US$)","BN.CAB.XOKA.CD","","","","","","","","","","","","","","","","","","","","","","","","","","","","","","","","","","","","","","","","","","","","","","-8614483346","-7448779950","-14267698639.591","-19556966016.6169","-7497328503.74697","-2519114109.255","-10346805358.337","-11409643890.105",
"Marshall Islands","MHL","Current account balance (BoP, current US$)","BN.CAB.XOKA.CD","","","","","","","","","","","","","","","","","","","","","","","","","","","","","","","","","","","","","","","","","","","","","","","","","","","","","",
"Middle income","MIC","Current account balance (BoP, current US$)","BN.CAB.XOKA.CD","","","","","","","","","","","","","","","","","","","","","","","","","","","","","","","","","","","","","","","","","","","","","","","","","","","","","",
"Macedonia, FYR","MKD","Current account balance (BoP, current US$)","BN.CAB.XOKA.CD","","","","","","","","","","","","","","","","","","","","","","","","","","","","","","","","","","","","","","","","","","","","","","-159302403.7807","-28548236.1418304","-605747645.966689","-1235795872.95253","-609565439.99105","-197785715.149859","-310581995.29053","-385229767.60696",
"Mali","MLI","Current account balance (BoP, current US$)","BN.CAB.XOKA.CD","","","","","","","","","","","","","","","","","","","","","","","","","","","","","","","","","","","","","","","","","","","","","","-437719326.056123","-218604249.533565","-581123103.287785","-1063381892.21045","-654866534.785763","-1189946180.27892","","",
"Malta","MLT","Current account balance (BoP, current US$)","BN.CAB.XOKA.CD","","","","","","","","","","","","","","","","","","","","","","","","","","","","","","","","","","","","","","","","","","","","","","-523517617.64403","-625084616.724936","-316085090.435851","-418961248.391044","-728982351.025136","-469631976.977227","-83610611.0828205","87571145.8064925",
"Myanmar","MMR","Current account balance (BoP, current US$)","BN.CAB.XOKA.CD","","","","","","","","","","","","","","","","","","","","","","","","","","","","","","","","","","","","","","","","","","","","","","581822509.164657","793885290.131149","1380740924.81006","1247028551.03205","986009643.900037","1574156747.26504","-1423845891.72866","",
"Middle East & North Africa (developing only)","MNA","Current account balance (BoP, current US$)","BN.CAB.XOKA.CD","","","","","","","","","","","","","","","","","","","","","","","","","","","","","","","","","","","","","","","","","","","","","","","","","","","","","",
"Montenegro","MNE","Current account balance (BoP, current US$)","BN.CAB.XOKA.CD","","","","","","","","","","","","","","","","","","","","","","","","","","","","","","","","","","","","","","","","","","","","","","","","-1464362322.62081","-2257518540.40723","-1150285526.03514","-952377837.244714","-791178055.136034","-768690237.809795",
"Mongolia","MNG","Current account balance (BoP, current US$)","BN.CAB.XOKA.CD","","","","","","","","","","","","","","","","","","","","","","","","","","","","","","","","","","","","","","","","","","","","","","84270000","221590000","171801839.999989","-690112239.15909","-341783224.24285","-885942539.20735","-2760361859.69763","-3362325444.88684",
"Northern Mariana Islands","MNP","Current account balance (BoP, current US$)","BN.CAB.XOKA.CD","","","","","","","","","","","","","","","","","","","","","","","","","","","","","","","","","","","","","","","","","","","","","","","","","","","","","",
"Mozambique","MOZ","Current account balance (BoP, current US$)","BN.CAB.XOKA.CD","","","","","","","","","","","","","","","","","","","","","","","","","","","","","","","","","","","","","","","","","","","","","","-760592537.126129","-765428331.40969","-786196628.24985","-1193376655.20959","-1245991690.25023","-1523230175.3183","-2996170872.30278","-5167485584.53999",
"Mauritania","MRT","Current account balance (BoP, current US$)","BN.CAB.XOKA.CD","","","","","","","","","","","","","","","","","","","","","","","","","","","","","","","","","","","","","","","","","","","","","","","","","","","","","",
"Mauritius","MUS","Current account balance (BoP, current US$)","BN.CAB.XOKA.CD","","","","","","","","","","","","","","","","","","","","","","","","","","","","","","","","","","","","","","","","","","","","","","-323951478.214923","-604410278.314404","-433934955.376921","-975764097.75197","-654971647.343384","-1005773529.23447","-1506488106.38062","-1174869847.84535",
"Malawi","MWI","Current account balance (BoP, current US$)","BN.CAB.XOKA.CD","","","","","","","","","","","","","","","","","","","","","","","","","","","","","","","","","","","","","","","","","","","","","","-506711224.2858","-306566390.33402","-411596821.067516","-702690269.522297","-553436948.95359","-905162028.946426","-764700653.11423","",
"Malaysia","MYS","Current account balance (BoP, current US$)","BN.CAB.XOKA.CD","","","","","","","","","","","","","","","","","","","","","","","","","","","","","","","","","","","","","","","","","","","","","","19979946359.5987","26199509355.3881","29770093207.5135","38914368952.0453","31800960631.1884","26998116794.2645","33508253550.6729","18637855349.4345",
"North America","NAC","Current account balance (BoP, current US$)","BN.CAB.XOKA.CD","","","","","","","","","","","","","","","","","","","","","","","","","","","","","","","","","","","","","","","","","","","","","","","","","","","","","",
"Namibia","NAM","Current account balance (BoP, current US$)","BN.CAB.XOKA.CD","","","","","","","","","","","","","","","","","","","","","","","","","","","","","","","","","","","","","","","","","","","","","","333370356.442152","1082357939.76739","748811826.590777","256755236.596793","-122133242.690854","105488258.07425","-148362132.627507","",
"New Caledonia","NCL","Current account balance (BoP, current US$)","BN.CAB.XOKA.CD","","","","","","","","","","","","","","","","","","","","","","","","","","","","","","","","","","","","","","","","","","","","","","-112453008.715991","-413798351.331623","-293993593.860445","-1418720779.63144","-823619534.156664","-1426310312.00904","-1654179364.93337","",
"Niger","NER","Current account balance (BoP, current US$)","BN.CAB.XOKA.CD","","","","","","","","","","","","","","","","","","","","","","","","","","","","","","","","","","","","","","","","","","","","","","-311510756.109951","-313727486.875","-351265737.823723","-651441662.145498","-1320057384.56214","-1135972345.76682","","",
"Nigeria","NGA","Current account balance (BoP, current US$)","BN.CAB.XOKA.CD","","","","","","","","","","","","","","","","","","","","","","","","","","","","","","","","","","","","","","","","","","","","","","36529017178.0952","36518049814.7531","27643445782.4048","29154225208.4093","13867630390.7541","14459202641.7814","12554056120.7355","20352840955.278",
"Nicaragua","NIC","Current account balance (BoP, current US$)","BN.CAB.XOKA.CD","","","","","","","","","","","","","","","","","","","","","","","","","","","","","","","","","","","","","","","","","","","","","","-783570000","-845100000","-1224600000","-1502600000","-776200000","-858744460.46","-1268190000","-1350100000",
"Netherlands","NLD","Current account balance (BoP, current US$)","BN.CAB.XOKA.CD","","","","","","","","","","","","","","","","","","","","","","","","","","","","","","","","","","","","","","","","","","","","","","46618218494.5817","63068623752.4204","52525726268.7264","38035620795.3878","41574941203.0251","60963188249.0644","84589930033.7005","77928817573.8735",
"High income: nonOECD","NOC","Current account balance (BoP, current US$)","BN.CAB.XOKA.CD","","","","","","","","","","","","","","","","","","","","","","","","","","","","","","","","","","","","","","","","","","","","","","","","","","","","","",
"Norway","NOR","Current account balance (BoP, current US$)","BN.CAB.XOKA.CD","","","","","","","","","","","","","","","","","","","","","","","","","","","","","","","","","","","","","","","","","","","","","","49967488000.0407","55913071665.1841","49732367558.4285","72915061387.0417","45169002358.6256","50258127255.8711","63061275273.2554","71865526581.7798",
"Nepal","NPL","Current account balance (BoP, current US$)","BN.CAB.XOKA.CD","","","","","","","","","","","","","","","","","","","","","","","","","","","","","","","","","","","","","","","","","","","","","","153094707.230208","150080619.437489","5659482.66245144","733341812.31348","18430321.3345946","-128110518.10613","288606252.778631","576939787.126871",
"New Zealand","NZL","Current account balance (BoP, current US$)","BN.CAB.XOKA.CD","","","","","","","","","","","","","","","","","","","","","","","","","","","","","","","","","","","","","","","","","","","","","","-8842491915.17124","-9030658992.08082","-10872122154.5823","-11561399067.3691","-3161994211.20913","-4653697275.67722","-6686174244.1117","-8508075992.08532",
"High income: OECD","OEC","Current account balance (BoP, current US$)","BN.CAB.XOKA.CD","","","","","","","","","","","","","","","","","","","","","","","","","","","","","","","","","","","","","","","","","","","","","","","","","","","","","",
"OECD members","OED","Current account balance (BoP, current US$)","BN.CAB.XOKA.CD","","","","","","","","","","","","","","","","","","","","","","","","","","","","","","","","","","","","","","","","","","","","","","","","","","","","","",
"Oman","OMN","Current account balance (BoP, current US$)","BN.CAB.XOKA.CD","","","","","","","","","","","","","","","","","","","","","","","","","","","","","","","","","","","","","","","","","","","","","","5177529258.77762","5664395318.59558","2462158647.59427","5018985695.7087","-596098829.648895","5870741222.3667","10262678803.6411","8312093628.08843",
"Other small states","OSS","Current account balance (BoP, current US$)","BN.CAB.XOKA.CD","","","","","","","","","","","","","","","","","","","","","","","","","","","","","","","","","","","","","","","","","","","","","","","","","","","","","",
"Pakistan","PAK","Current account balance (BoP, current US$)","BN.CAB.XOKA.CD","","","","","","","","","","","","","","","","","","","","","","","","","","","","","","","","","","","","","","","","","","","","","","-3606200000","-6748920000","-8301000000","-15654500000","-3993430000","-1354000000","-2234018270","-2072199100",
"Panama","PAN","Current account balance (BoP, current US$)","BN.CAB.XOKA.CD","","","","","","","","","","","","","","","","","","","","","","","","","","","","","","","","","","","","","","","","","","","","","","-1021800000","-448380000","-1407000000","-2722100000","-177800000","-2764600000","-3825600000","-3267000000",
"Peru","PER","Current account balance (BoP, current US$)","BN.CAB.XOKA.CD","","","","","","","","","","","","","","","","","","","","","","","","","","","","","","","","","","","","","","","","","","","","","","1147610228.96894","2872489024.18699","1460344785.9798","-5317632556.548","-722870310.6539","-3782072549.96159","-3340736678.3885","",
"Philippines","PHL","Current account balance (BoP, current US$)","BN.CAB.XOKA.CD","","","","","","","","","","","","","","","","","","","","","","","","","","","","","","","","","","","","","","","","","","","","","","1980000000","5341000000","7112000000","3627000000","9358000000","8922000000","6970000000","7126000000",
"Palau","PLW","Current account balance (BoP, current US$)","BN.CAB.XOKA.CD","","","","","","","","","","","","","","","","","","","","","","","","","","","","","","","","","","","","","","","","","","","","","","","","","","","","","",
"Papua New Guinea","PNG","Current account balance (BoP, current US$)","BN.CAB.XOKA.CD","","","","","","","","","","","","","","","","","","","","","","","","","","","","","","","","","","","","","","","","","","","","","","539402668.54744","332707961.51969","56317208.64486","707902766.14407","-585123822.958999","-633031917.289811","","",
"Poland","POL","Current account balance (BoP, current US$)","BN.CAB.XOKA.CD","","","","","","","","","","","","","","","","","","","","","","","","","","","","","","","","","","","","","","","","","","","","","","-7242000000","-13156000000","-26499000000","-34957000000","-17155000000","-24030000000","-25023000000","-17169000000",
"Puerto Rico","PRI","Current account balance (BoP, current US$)","BN.CAB.XOKA.CD","","","","","","","","","","","","","","","","","","","","","","","","","","","","","","","","","","","","","","","","","","","","","","","","","","","","","",
"Korea, Dem. Rep.","PRK","Current account balance (BoP, current US$)","BN.CAB.XOKA.CD","","","","","","","","","","","","","","","","","","","","","","","","","","","","","","","","","","","","","","","","","","","","","","","","","","","","","",
"Portugal","PRT","Current account balance (BoP, current US$)","BN.CAB.XOKA.CD","","","","","","","","","","","","","","","","","","","","","","","","","","","","","","","","","","","","","","","","","","","","","","-19821281863.1013","-21534380615.0315","-23516499911.5807","-31905824943.7244","-25652161911.3265","-24185972508.7006","-16760550806.8206","-3365080137.31322",
"Paraguay","PRY","Current account balance (BoP, current US$)","BN.CAB.XOKA.CD","","","","","","","","","","","","","","","","","","","","","","","","","","","","","","","","","","","","","","","","","","","","","","-67505837.8829497","167126142.17399","778964609.712481","189246367.8027","483642455.142561","-65821015.8087996","288820343.117398","115594313.7766",
"Pacific island small states","PSS","Current account balance (BoP, current US$)","BN.CAB.XOKA.CD","","","","","","","","","","","","","","","","","","","","","","","","","","","","","","","","","","","","","","","","","","","","","","","","","","","","","",
"French Polynesia","PYF","Current account balance (BoP, current US$)","BN.CAB.XOKA.CD","","","","","","","","","","","","","","","","","","","","","","","","","","","","","","","","","","","","","","","","","","","","","","8734227.8553848","159797090.215716","271365381.527696","-90600584.9002701","-42178227.7125544","153355081.499856","330938250.816007","",
"Qatar","QAT","Current account balance (BoP, current US$)","BN.CAB.XOKA.CD","","","","","","","","","","","","","","","","","","","","","","","","","","","","","","","","","","","","","","","","","","","","","","","","","","","","51977942245.5663","61585347985.348",
"Romania","ROU","Current account balance (BoP, current US$)","BN.CAB.XOKA.CD","","","","","","","","","","","","","","","","","","","","","","","","","","","","","","","","","","","","","","","","","","","","","","-8503510000","-12784820000","-23080000000","-23719000000","-6955000000","-7258000000","-8344000000","-6346000000",
"Russian Federation","RUS","Current account balance (BoP, current US$)","BN.CAB.XOKA.CD","","","","","","","","","","","","","","","","","","","","","","","","","","","","","","","","","","","","","","","","","","","","","","84388700000","92315500000","72193000000","103935400000","50383600000","67452200000","97274000000","71431900000",
"Rwanda","RWA","Current account balance (BoP, current US$)","BN.CAB.XOKA.CD","","","","","","","","","","","","","","","","","","","","","","","","","","","","","","","","","","","","","","","","","","","","","","-65417086.161356","-138878632.562777","-85281862.532319","-242302444.61406","-378637674.267329","-413670341.09197","-477492128.50199","-820825991.817795",
"South Asia","SAS","Current account balance (BoP, current US$)","BN.CAB.XOKA.CD","","","","","","","","","","","","","","","","","","","","","","","","","","","","","","","","","","","","","","","","","","","","","","","","","","","","","",
"Saudi Arabia","SAU","Current account balance (BoP, current US$)","BN.CAB.XOKA.CD","","","","","","","","","","","","","","","","","","","","","","","","","","","","","","","","","","","","","","","","","","","","","","90060286889.8032","99066128134.4118","93379486657.4629","132322211945.139","20954610933.3333","66750991974.9332","158545217066.666","164763650842.157",
"Sudan","SDN","Current account balance (BoP, current US$)","BN.CAB.XOKA.CD","","","","","","","","","","","","","","","","","","","","","","","","","","","","","","","","","","","","","","","","","","","","","","-2555079676.92187","-4605433955.23262","-2621845455.9134","-2256104054.84719","-3845854601.5569","-680003720.8494","767552804.3391","-5281955089.75249",
"Senegal","SEN","Current account balance (BoP, current US$)","BN.CAB.XOKA.CD","","","","","","","","","","","","","","","","","","","","","","","","","","","","","","","","","","","","","","","","","","","","","","-675870201.526348","-861188597.227715","-1310777259.81417","-1883713934.85246","-853754138.764822","-600017741.700461","","",
"Singapore","SGP","Current account balance (BoP, current US$)","BN.CAB.XOKA.CD","","","","","","","","","","","","","","","","","","","","","","","","","","","","","","","","","","","","","","","","","","","","","","26869422719.032","36082193505.0767","46347570004.6778","28838313308.7883","33482026376.2505","62025510172.8996","65323005067.7733","51437244151.3184",
"Solomon Islands","SLB","Current account balance (BoP, current US$)","BN.CAB.XOKA.CD","","","","","","","","","","","","","","","","","","","","","","","","","","","","","","","","","","","","","","","","","","","","","","-90202048.6879055","-42681668.3800043","-80933722.4234589","-124385257.440054","-128723473.985613","-210091472.465465","-60259506.134906","",
"Sierra Leone","SLE","Current account balance (BoP, current US$)","BN.CAB.XOKA.CD","","","","","","","","","","","","","","","","","","","","","","","","","","","","","","","","","","","","","","","","","","","","","","-104937917.230426","-95019083.3504101","-160133730.310482","-225444486.17203","-326984822.797039","-493126127.675641","-1127440707.80964","",
"El Salvador","SLV","Current account balance (BoP, current US$)","BN.CAB.XOKA.CD","","","","","","","","","","","","","","","","","","","","","","","","","","","","","","","","","","","","","","","","","","","","","","-621590000","-765560000","-1216560000","-1532170000","-312196471.686339","-569729861.04169","-1136757439.92619","-1257449430.9584",
"San Marino","SMR","Current account balance (BoP, current US$)","BN.CAB.XOKA.CD","","","","","","","","","","","","","","","","","","","","","","","","","","","","","","","","","","","","","","","","","","","","","","","","","","","","","",
"Somalia","SOM","Current account balance (BoP, current US$)","BN.CAB.XOKA.CD","","","","","","","","","","","","","","","","","","","","","","","","","","","","","","","","","","","","","","","","","","","","","","","","","","","","","",
"Serbia","SRB","Current account balance (BoP, current US$)","BN.CAB.XOKA.CD","","","","","","","","","","","","","","","","","","","","","","","","","","","","","","","","","","","","","","","","","","","","","","","","-6889789348.95112","-10394796395.7765","-2866522973.84323","-2819279453.35445","-3834406376.08005","-4001862649.56375",
"Sub-Saharan Africa (developing only)","SSA","Current account balance (BoP, current US$)","BN.CAB.XOKA.CD","","","","","","","","","","","","","","","","","","","","","","","","","","","","","","","","","","","","","","","","","","","","","","","","","","","","","",
"South Sudan","SSD","Current account balance (BoP, current US$)","BN.CAB.XOKA.CD","","","","","","","","","","","","","","","","","","","","","","","","","","","","","","","","","","","","","","","","","","","","","","","","","","","","","",
"Sub-Saharan Africa (all income levels)","SSF","Current account balance (BoP, current US$)","BN.CAB.XOKA.CD","","","","","","","","","","","","","","","","","","","","","","","","","","","","","","","","","","","","","","","","","","","","","","","","","","","","","",
"Small states","SST","Current account balance (BoP, current US$)","BN.CAB.XOKA.CD","","","","","","","","","","","","","","","","","","","","","","","","","","","","","","","","","","","","","","","","","","","","","","","","","","","","","",
"Sao Tome and Principe","STP","Current account balance (BoP, current US$)","BN.CAB.XOKA.CD","","","","","","","","","","","","","","","","","","","","","","","","","","","","","","","","","","","","","","","","","","","","","","-36256855.4107638","-57973322.4140968","-64347011.8968122","-93506392.3887719","-78780635.0556838","-87575752.5788836","-105761604.453099","-99294478.1836285",
"Suriname","SUR","Current account balance (BoP, current US$)","BN.CAB.XOKA.CD","","","","","","","","","","","","","","","","","","","","","","","","","","","","","","","","","","","","","","","","","","","","","","-143600000","220600000","324500000","324700000","111300000","650800000","251112371.180099","241321288.984499",
"Slovak Republic","SVK","Current account balance (BoP, current US$)","BN.CAB.XOKA.CD","","","","","","","","","","","","","","","","","","","","","","","","","","","","","","","","","","","","","","","","","","","","","","-4004660567.49045","-3937492152.50609","-4102586953.79313","-6185476916.45326","-3161067766.6077","-3240295338.36982","-2027224734.45163","2039427623.76923",
"Slovenia","SVN","Current account balance (BoP, current US$)","BN.CAB.XOKA.CD","","","","","","","","","","","","","","","","","","","","","","","","","","","","","","","","","","","","","","","","","","","","","","-680500000","-1088298381.39723","-2297962075.64619","-3351925419.68526","-330902570.319975","-270076899.255753","4348714.25721878","1044983162.55315",
"Sweden","SWE","Current account balance (BoP, current US$)","BN.CAB.XOKA.CD","","","","","","","","","","","","","","","","","","","","","","","","","","","","","","","","","","","","","","","","","","","","","","26423000886.8125","36296082190.556","46703999579.7789","48877392669.723","30385791735.6109","31699801134.0485","37968665042.8102","36310328431.9717",
"Swaziland","SWZ","Current account balance (BoP, current US$)","BN.CAB.XOKA.CD","","","","","","","","","","","","","","","","","","","","","","","","","","","","","","","","","","","","","","","","","","","","","","-102646146.918419","-196624544.89572","-65542455.5002043","-231236050.870218","-414313253.922701","-388309494.656042","","",
"Sint Maarten (Dutch part)","SXM","Current account balance (BoP, current US$)","BN.CAB.XOKA.CD","","","","","","","","","","","","","","","","","","","","","","","","","","","","","","","","","","","","","","","","","","","","","","","","","","","","","",
"Seychelles","SYC","Current account balance (BoP, current US$)","BN.CAB.XOKA.CD","","","","","","","","","","","","","","","","","","","","","","","","","","","","","","","","","","","","","","","","","","","","","","-174069439.765365","-133767345.684164","-160434620.975322","-194108034.990446","-82356041.9458844","-190130657.715519","-226275728.423936","",
"Syrian Arab Republic","SYR","Current account balance (BoP, current US$)","BN.CAB.XOKA.CD","","","","","","","","","","","","","","","","","","","","","","","","","","","","","","","","","","","","","","","","","","","","","","299000000","919800000","459575955.367219","471951981.028687","-1029525248.0283","-367388473.022633","","",
"Turks and Caicos Islands","TCA","Current account balance (BoP, current US$)","BN.CAB.XOKA.CD","","","","","","","","","","","","","","","","","","","","","","","","","","","","","","","","","","","","","","","","","","","","","","","","","","","","","",
"Chad","TCD","Current account balance (BoP, current US$)","BN.CAB.XOKA.CD","","","","","","","","","","","","","","","","","","","","","","","","","","","","","","","","","","","","","","","","","","","","","","","","","","","","","",
"Togo","TGO","Current account balance (BoP, current US$)","BN.CAB.XOKA.CD","","","","","","","","","","","","","","","","","","","","","","","","","","","","","","","","","","","","","","","","","","","","","","-203894707.850865","-176291348.234003","-215761564.514768","-221963833.101978","-176669246.317716","-199707675.315322","","",
"Thailand","THA","Current account balance (BoP, current US$)","BN.CAB.XOKA.CD","","","","","","","","","","","","","","","","","","","","","","","","","","","","","","","","","","","","","","","","","","","","","","-7646624975.16139","2316205170.41021","15677507945.658","2210783712.47422","21890731406.6619","9945884537.809","5917760491.88871","2758837851.67573",
"Tajikistan","TJK","Current account balance (BoP, current US$)","BN.CAB.XOKA.CD","","","","","","","","","","","","","","","","","","","","","","","","","","","","","","","","","","","","","","","","","","","","","","-18859700","-21400600","-495062300","47571100","-180308000","-894442977.514","-786952830","",
"Turkmenistan","TKM","Current account balance (BoP, current US$)","BN.CAB.XOKA.CD","","","","","","","","","","","","","","","","","","","","","","","","","","","","","","","","","","","","","","","","","","","","","","","","","","","","","",
"Timor-Leste","TLS","Current account balance (BoP, current US$)","BN.CAB.XOKA.CD","","","","","","","","","","","","","","","","","","","","","","","","","","","","","","","","","","","","","","","","","","","","","","","540953514.077211","1177204113.07114","2021746753.65932","1285248163.11891","1667079098.88894","2385262042.00274","",
"Tonga","TON","Current account balance (BoP, current US$)","BN.CAB.XOKA.CD","","","","","","","","","","","","","","","","","","","","","","","","","","","","","","","","","","","","","","","","","","","","","","-21289733.5736901","-31058157.7100721","-19424209.4529968","-66030238.574877","-54215735.1080769","","","",
"Trinidad and Tobago","TTO","Current account balance (BoP, current US$)","BN.CAB.XOKA.CD","","","","","","","","","","","","","","","","","","","","","","","","","","","","","","","","","","","","","","","","","","","","","","3881346809.6652","7124822193.79389","5166460780.6821","8499028922.68589","1632776047.2721","4172327322.1487","2898591965.74359","",
"Tunisia","TUN","Current account balance (BoP, current US$)","BN.CAB.XOKA.CD","","","","","","","","","","","","","","","","","","","","","","","","","","","","","","","","","","","","","","","","","","","","","","-299283200.164426","-619372288.274075","-916917593.959535","-1711248030.19133","-1233748680.82428","-2104443202.45913","-3385748280.39352","-3773373099.92689",
"Turkey","TUR","Current account balance (BoP, current US$)","BN.CAB.XOKA.CD","","","","","","","","","","","","","","","","","","","","","","","","","","","","","","","","","","","","","","","","","","","","","","-21449000000","-31836000000","-37781000000","-40438000000","-12168000000","-45447000000","-75092000000","-47748000000",
"Tuvalu","TUV","Current account balance (BoP, current US$)","BN.CAB.XOKA.CD","","","","","","","","","","","","","","","","","","","","","","","","","","","","","","","","","","","","","","","","","","","","","","","","","","","","","",
"Tanzania","TZA","Current account balance (BoP, current US$)","BN.CAB.XOKA.CD","","","","","","","","","","","","","","","","","","","","","","","","","","","","","","","","","","","","","","","","","","","","","","-1092558909.60172","-1102054171.68581","-1714736151.20673","-2577086334.69337","-1809914737.57817","-1960101084.08857","-3992246425.20273","-3639834351.20304",
"Uganda","UGA","Current account balance (BoP, current US$)","BN.CAB.XOKA.CD","","","","","","","","","","","","","","","","","","","","","","","","","","","","","","","","","","","","","","","","","","","","","","-25887113.3442698","-396045647.75133","-701082330.716809","-1313780598.62845","-1138610241.91759","-1752260679.64276","-2160325919.51833","-2221729432.63113",
"Ukraine","UKR","Current account balance (BoP, current US$)","BN.CAB.XOKA.CD","","","","","","","","","","","","","","","","","","","","","","","","","","","","","","","","","","","","","","","","","","","","","","2534000000","-1619000000","-5251000000","-12781000000","-1736000000","-3016000000","-10233000000","-14777000000",
"Upper middle income","UMC","Current account balance (BoP, current US$)","BN.CAB.XOKA.CD","","","","","","","","","","","","","","","","","","","","","","","","","","","","","","","","","","","","","","","","","","","","","","","","","","","","","",
"Uruguay","URY","Current account balance (BoP, current US$)","BN.CAB.XOKA.CD","","","","","","","","","","","","","","","","","","","","","","","","","","","","","","","","","","","","","","","","","","","","","","42278058.6449699","-391882447.91516","-220452116.74445","-1728989727.0731","-381669464.925059","-752722067.894299","-1367175176.08979","-2625516121.4056",
"United States","USA","Current account balance (BoP, current US$)","BN.CAB.XOKA.CD","","","","","","","","","","","","","","","","","","","","","","","","","","","","","","","","","","","","","","","","","","","","","","-739802000000","-798469000000","-713352000000","-681341000000","-381638000000","-449477000000","-457729000000","-440423000000",
"Uzbekistan","UZB","Current account balance (BoP, current US$)","BN.CAB.XOKA.CD","","","","","","","","","","","","","","","","","","","","","","","","","","","","","","","","","","","","","","","","","","","","","","","","","","","","","",
"St. Vincent and the Grenadines","VCT","Current account balance (BoP, current US$)","BN.CAB.XOKA.CD","","","","","","","","","","","","","","","","","","","","","","","","","","","","","","","","","","","","","","","","","","","","","","-102198081.851852","-119390337.407407","-191745646.666667","-230329511.851852","-197326470.37037","-208313126.666667","-198878757.037036","-215850711.11111",
"Venezuela, RB","VEN","Current account balance (BoP, current US$)","BN.CAB.XOKA.CD","","","","","","","","","","","","","","","","","","","","","","","","","","","","","","","","","","","","","","","","","","","","","","25053000000","26462000000","15981000000","32146000000","2258000000","8812000000","24387000000","11016000000",
"Virgin Islands (U.S.)","VIR","Current account balance (BoP, current US$)","BN.CAB.XOKA.CD","","","","","","","","","","","","","","","","","","","","","","","","","","","","","","","","","","","","","","","","","","","","","","","","","","","","","",
"Vietnam","VNM","Current account balance (BoP, current US$)","BN.CAB.XOKA.CD","","","","","","","","","","","","","","","","","","","","","","","","","","","","","","","","","","","","","","","","","","","","","","-560189000.000007","-163741800","-6953100000","-10823000000","-6608000000","-4276000000","236000000","9062000000",
"Vanuatu","VUT","Current account balance (BoP, current US$)","BN.CAB.XOKA.CD","","","","","","","","","","","","","","","","","","","","","","","","","","","","","","","","","","","","","","","","","","","","","","-34047560.0791205","-30132346.109561","-34414598.2240189","-141579314.14989","10280152.5559135","-83706708.5111792","-115806537.359705","",
"West Bank and Gaza","PSE","Current account balance (BoP, current US$)","BN.CAB.XOKA.CD","","","","","","","","","","","","","","","","","","","","","","","","","","","","","","","","","","","","","","","","","","","","","","-1152248984.2973","-912869907.619359","248887929.102961","764301340.98297","-712541960.581779","-690734609.55789","-2204717468.16272","",
"World","WLD","Current account balance (BoP, current US$)","BN.CAB.XOKA.CD","","","","","","","","","","","","","","","","","","","","","","","","","","","","","","","","","","","","","","","","","","","","","","","","","","","","","",
"Samoa","WSM","Current account balance (BoP, current US$)","BN.CAB.XOKA.CD","","","","","","","","","","","","","","","","","","","","","","","","","","","","","","","","","","","","","","","","","","","","","","-47312937.9460681","-77927998.8686134","-45681088.766492","-56236695.0345591","-7768831.56234612","-66727332.7997606","-78205497.263795","",
"Yemen, Rep.","YEM","Current account balance (BoP, current US$)","BN.CAB.XOKA.CD","","","","","","","","","","","","","","","","","","","","","","","","","","","","","","","","","","","","","","","","","","","","","","624145917.387696","205700527.39912","-1508328000","-1251219355.96869","-2564874779.41503","-1381240448.3366","-1029266444.25245","",
"South Africa","ZAF","Current account balance (BoP, current US$)","BN.CAB.XOKA.CD","","","","","","","","","","","","","","","","","","","","","","","","","","","","","","","","","","","","","","","","","","","","","","-8518449059.77486","-13744822380.3929","-20018338880.5206","-20083348347.4446","-11327020316.0629","-10117286811.6928","-13682658103.8855","-24068754713.2034",
"Congo, Dem. Rep.","COD","Current account balance (BoP, current US$)","BN.CAB.XOKA.CD","","","","","","","","","","","","","","","","","","","","","","","","","","","","","","","","","","","","","","","","","","","","","","","","","","","","","",
"Zambia","ZMB","Current account balance (BoP, current US$)","BN.CAB.XOKA.CD","","","","","","","","","","","","","","","","","","","","","","","","","","","","","","","","","","","","","","","","","","","","","","-599561100","141950000","-697831227.272729","-1038722978.30909","582295170","1205585176.73","700103341.582919","-1002547.84819984",
"Zimbabwe","ZWE","Current account balance (BoP, current US$)","BN.CAB.XOKA.CD","","","","","","","","","","","","","","","","","","","","","","","","","","","","","","","","","","","","","","","","","","","","","","","","","","","","","",
